bid_id,sector,client_type,region,contract_value_pkr,our_bid_value_pkr,estimated_competitor_count,past_relationship,certifications_match_pct,requirements_total,requirements_matched_pct,compliance_gap_count,submission_on_time,budget_alignment_score,technical_score_pct,financial_score_pct,evaluation_weight_technical_pct,outcome
BID-0001,Logistics,Private Enterprise,Balochistan,8000000,7158721,7,1,51,49,50,24,1,0.55,95,42,50,loss
BID-0002,Public Sector,NGO / Donor-funded,KPK,60000000,54343853,5,1,62,50,38,31,1,0.64,81,72,50,win
BID-0003,Education,Government,Punjab,100000000,89464195,6,0,33,70,74,18,1,0.66,78,72,20,loss
BID-0004,Healthcare IT,NGO / Donor-funded,Punjab,350000000,297647986,5,1,75,23,72,6,1,0.83,47,86,40,win
BID-0005,Energy,NGO / Donor-funded,Balochistan,100000000,98860311,5,1,68,37,68,11,1,0.92,59,58,30,win
BID-0006,Education,Multinational Corporation,Balochistan,600000000,611344084,9,0,30,51,95,2,1,0.81,45,92,30,loss
BID-0007,Healthcare IT,Private Enterprise,Sindh,8000000,6892427,9,0,78,68,54,31,1,0.69,65,55,30,loss
BID-0008,IT Services,Government,Balochistan,60000000,53638300,9,0,91,46,45,25,1,0.9,82,73,60,win
BID-0009,Public Sector,SME,AJK,350000000,370174802,9,0,80,72,63,26,1,0.92,57,89,60,win
BID-0010,Healthcare IT,NGO / Donor-funded,Balochistan,20000000,20567724,5,1,62,55,99,0,1,0.58,64,84,30,win
BID-0011,Construction,Multinational Corporation,Balochistan,200000000,197130557,8,0,46,68,79,14,1,0.79,84,41,60,loss
BID-0012,IT Services,NGO / Donor-funded,KPK,350000000,372176695,8,0,82,43,64,15,1,0.51,61,82,70,win
BID-0013,Logistics,Multinational Corporation,Sindh,8000000,8613857,2,0,74,32,89,3,1,0.63,60,53,50,win
BID-0014,Energy,NGO / Donor-funded,Balochistan,100000000,105872772,9,0,89,21,74,5,1,0.53,81,42,20,win
BID-0015,Healthcare IT,Government,Islamabad,35000000,31837268,9,0,92,42,89,4,1,0.88,50,78,60,win
BID-0016,Construction,Private Enterprise,KPK,20000000,19893423,6,1,70,40,39,24,1,0.92,55,46,70,win
BID-0017,Construction,SME,Punjab,200000000,196637262,7,0,84,58,31,40,1,0.91,46,67,40,loss
BID-0018,Public Sector,Private Enterprise,Balochistan,35000000,36170708,6,1,79,70,64,25,1,0.62,99,45,40,win
BID-0019,Healthcare IT,Multinational Corporation,Islamabad,350000000,326934704,9,1,43,77,57,33,1,0.63,57,96,60,win
BID-0020,Telecom,SME,Punjab,60000000,52284194,8,1,91,45,90,4,1,0.75,90,41,20,win
BID-0021,Energy,Private Enterprise,KPK,200000000,193663024,7,1,90,57,75,14,1,0.64,56,54,20,win
BID-0022,Education,Government,AJK,35000000,31425983,9,1,95,51,42,29,1,0.65,63,51,40,loss
BID-0023,Logistics,NGO / Donor-funded,Punjab,8000000,7906717,4,1,33,16,66,5,1,0.72,51,43,40,win
BID-0024,Public Sector,Government,Punjab,350000000,340527824,2,0,39,53,40,31,1,0.56,88,66,60,loss
BID-0025,Healthcare IT,SME,Balochistan,600000000,646275656,6,1,59,22,42,12,1,0.6,53,56,70,loss
BID-0026,Healthcare IT,Private Enterprise,Islamabad,20000000,17782663,8,1,96,75,67,24,0,0.64,58,84,50,loss
BID-0027,Healthcare IT,NGO / Donor-funded,AJK,60000000,57377084,5,0,54,33,39,20,1,0.9,78,87,60,loss
BID-0028,Public Sector,Government,Balochistan,100000000,102493342,6,1,76,25,35,16,1,0.87,78,56,20,loss
BID-0029,IT Services,NGO / Donor-funded,Islamabad,8000000,8326218,4,1,86,71,65,24,1,0.79,80,92,50,win
BID-0030,Public Sector,NGO / Donor-funded,Balochistan,200000000,186052912,3,0,62,67,93,4,1,0.97,92,88,60,win
BID-0031,Construction,NGO / Donor-funded,KPK,200000000,175796080,8,0,89,74,82,13,1,0.76,79,88,50,win
BID-0032,IT Services,Private Enterprise,KPK,35000000,37867136,9,1,35,18,60,7,1,0.66,40,75,50,loss
BID-0033,Construction,Multinational Corporation,Punjab,35000000,34110785,6,1,73,76,90,7,1,0.78,64,52,60,win
BID-0034,Logistics,Government,KPK,350000000,327239083,6,0,56,53,92,4,1,0.72,70,62,40,win
BID-0035,Energy,Multinational Corporation,KPK,60000000,65711619,5,1,49,67,35,43,1,0.74,98,91,50,loss
BID-0036,Logistics,Multinational Corporation,Punjab,35000000,34145047,7,0,76,27,97,0,1,0.51,49,66,70,win
BID-0037,Construction,Multinational Corporation,KPK,200000000,201162970,8,0,62,63,70,18,1,0.94,71,95,60,loss
BID-0038,Construction,Private Enterprise,AJK,100000000,109935648,3,1,32,27,86,3,1,0.65,41,42,40,win
BID-0039,Telecom,NGO / Donor-funded,KPK,350000000,310237357,8,0,41,37,40,22,1,0.69,83,55,50,loss
BID-0040,Logistics,Private Enterprise,Balochistan,100000000,96489262,2,1,56,35,39,21,1,0.67,77,59,70,win
BID-0041,Telecom,Multinational Corporation,KPK,60000000,65990603,9,0,50,63,75,15,1,1.0,58,41,70,loss
BID-0042,IT Services,SME,AJK,8000000,8621233,9,1,49,60,58,25,1,0.81,83,88,70,win
BID-0043,Logistics,Government,AJK,8000000,7417865,9,0,94,61,46,32,1,0.65,87,66,30,loss
BID-0044,Education,SME,Islamabad,100000000,105761815,6,1,57,58,44,32,1,0.54,88,54,70,win
BID-0045,Energy,SME,KPK,20000000,20953409,2,1,88,30,88,3,1,0.87,56,77,50,win
BID-0046,Education,Government,AJK,60000000,58072153,7,0,28,74,68,23,1,0.56,42,100,20,loss
BID-0047,Public Sector,Government,Punjab,60000000,64308889,4,1,78,62,99,0,1,0.87,49,96,50,win
BID-0048,Public Sector,SME,Balochistan,100000000,85817907,7,0,76,71,60,28,1,0.55,83,63,60,win
BID-0049,Education,Government,Balochistan,100000000,89745214,3,1,31,42,32,28,1,0.67,48,90,60,loss
BID-0050,Healthcare IT,SME,Sindh,60000000,55928393,4,0,55,33,46,17,1,0.9,47,82,20,loss
BID-0051,Education,Private Enterprise,Islamabad,200000000,170789054,6,0,36,68,97,2,1,0.53,68,89,40,loss
BID-0052,Construction,Multinational Corporation,Islamabad,60000000,65181234,2,1,78,18,37,11,1,0.92,67,83,20,win
BID-0053,Public Sector,Government,Punjab,200000000,200414871,3,0,55,56,78,12,1,0.77,69,72,60,win
BID-0054,Construction,SME,AJK,60000000,57451049,5,1,63,73,81,13,1,0.55,67,60,70,win
BID-0055,Logistics,Multinational Corporation,Punjab,20000000,21158859,3,1,32,62,46,33,1,0.79,75,75,40,win
BID-0056,Energy,NGO / Donor-funded,AJK,350000000,373458063,2,1,96,54,75,13,1,0.75,49,82,50,win
BID-0057,Construction,NGO / Donor-funded,Islamabad,200000000,175744265,6,0,74,18,64,6,0,0.64,88,59,40,loss
BID-0058,Logistics,Private Enterprise,Islamabad,350000000,303588724,2,0,87,42,78,9,1,0.67,63,59,70,win
BID-0059,Construction,Government,Sindh,35000000,36351313,2,0,54,71,84,11,1,0.72,57,53,60,loss
BID-0060,Energy,Government,KPK,600000000,589040116,6,0,48,65,37,40,0,0.65,53,89,30,loss
BID-0061,Telecom,NGO / Donor-funded,Punjab,8000000,7794770,8,0,36,63,98,1,1,0.75,93,82,40,loss
BID-0062,IT Services,Multinational Corporation,Punjab,600000000,648174365,7,1,93,66,83,11,1,0.7,60,50,60,win
BID-0063,Education,Government,Balochistan,20000000,18216582,8,0,70,54,73,14,1,0.89,44,72,70,loss
BID-0064,Healthcare IT,NGO / Donor-funded,KPK,35000000,31817352,4,1,45,37,49,18,1,0.83,51,100,70,win
BID-0065,Public Sector,SME,AJK,200000000,213212343,7,0,76,23,90,2,1,0.65,57,77,20,win
BID-0066,Construction,NGO / Donor-funded,Balochistan,600000000,515641086,7,1,29,26,94,1,1,0.79,90,87,20,win
BID-0067,Healthcare IT,NGO / Donor-funded,Islamabad,600000000,585205095,2,1,33,58,40,34,1,0.59,55,85,50,win
BID-0068,Logistics,NGO / Donor-funded,KPK,100000000,94685413,7,0,100,57,38,35,1,0.78,64,58,40,win
BID-0069,Logistics,NGO / Donor-funded,Punjab,35000000,37771531,6,1,36,25,69,7,1,0.82,61,92,30,win
BID-0070,Construction,Multinational Corporation,Islamabad,200000000,170911526,6,0,47,58,92,4,1,1.0,49,44,40,win
BID-0071,Construction,SME,Islamabad,8000000,8123858,4,1,39,35,53,16,1,0.89,91,97,30,win
BID-0072,IT Services,Multinational Corporation,KPK,60000000,65543829,6,1,49,45,69,13,1,0.89,97,93,30,win
BID-0073,Public Sector,Multinational Corporation,KPK,350000000,341504335,8,0,45,32,62,12,1,0.74,63,75,20,loss
BID-0074,Construction,NGO / Donor-funded,Punjab,35000000,32136923,4,1,31,43,87,5,1,0.97,66,43,50,win
BID-0075,Healthcare IT,Multinational Corporation,Punjab,200000000,181226937,7,0,62,33,47,17,0,0.96,70,84,30,loss
BID-0076,Public Sector,Multinational Corporation,Islamabad,8000000,8611714,2,1,47,34,100,0,1,0.8,67,47,40,win
BID-0077,Construction,Government,Sindh,350000000,353408276,9,0,34,78,98,1,0,0.76,55,85,30,loss
BID-0078,IT Services,SME,KPK,60000000,59559955,4,0,87,61,38,37,1,0.77,90,72,60,loss
BID-0079,Public Sector,Government,AJK,350000000,383340949,6,0,65,23,74,5,1,0.83,46,89,60,win
BID-0080,Education,Private Enterprise,Punjab,200000000,197300687,4,1,81,38,47,20,1,0.89,69,42,40,win
BID-0081,Healthcare IT,Government,KPK,100000000,97884589,9,1,24,39,66,13,1,0.89,95,81,40,loss
BID-0082,Education,Multinational Corporation,Balochistan,600000000,644195624,8,1,43,78,93,5,1,0.9,57,91,20,win
BID-0083,Construction,Multinational Corporation,Islamabad,35000000,34522900,7,0,30,56,67,18,1,0.8,67,50,70,loss
BID-0084,Public Sector,Government,AJK,200000000,200742574,8,1,27,24,81,4,1,0.9,83,50,20,win
BID-0085,Public Sector,Government,Sindh,20000000,18179976,7,1,69,19,49,9,1,0.97,63,68,20,win
BID-0086,Education,Multinational Corporation,KPK,100000000,91240291,3,0,43,78,96,3,1,0.78,56,89,40,win
BID-0087,Healthcare IT,SME,KPK,600000000,540026751,4,0,77,37,86,5,1,0.91,94,60,70,win
BID-0088,Construction,SME,Islamabad,100000000,107283292,4,0,66,80,58,33,1,0.6,48,55,50,loss
BID-0089,Education,Multinational Corporation,Islamabad,35000000,35104548,3,0,59,65,91,5,1,0.88,92,76,20,win
BID-0090,Education,Government,Balochistan,600000000,612016348,7,0,90,38,46,20,1,0.96,43,93,20,loss
BID-0091,Telecom,Private Enterprise,Sindh,200000000,216736891,5,1,86,51,40,30,1,0.82,75,57,30,win
BID-0092,Construction,SME,AJK,35000000,34928323,4,0,99,58,35,37,1,0.51,42,100,70,win
BID-0093,Telecom,Private Enterprise,Islamabad,350000000,351584487,2,1,100,52,68,16,1,0.9,83,65,40,win
BID-0094,IT Services,Private Enterprise,Balochistan,350000000,339871973,5,1,97,33,70,9,1,0.66,95,62,50,win
BID-0095,Education,SME,Islamabad,20000000,18595579,9,0,54,72,61,28,1,0.53,100,64,60,loss
BID-0096,Logistics,NGO / Donor-funded,Islamabad,200000000,179491705,4,1,85,74,93,5,1,0.75,45,100,50,win
BID-0097,Healthcare IT,Private Enterprise,Islamabad,200000000,172432906,6,1,96,75,66,25,1,0.92,67,48,40,win
BID-0098,Energy,NGO / Donor-funded,Punjab,350000000,301976297,5,1,90,51,39,31,1,0.73,75,57,60,win
BID-0099,Construction,Private Enterprise,Punjab,350000000,330154854,7,1,38,40,95,2,1,0.52,42,48,70,win
BID-0100,Public Sector,SME,Balochistan,35000000,35054779,4,1,98,55,50,27,1,0.81,93,59,60,win
BID-0101,Public Sector,SME,KPK,600000000,632362324,7,1,34,68,69,21,1,0.86,84,80,20,win
BID-0102,Telecom,SME,Islamabad,60000000,61821001,9,0,87,63,48,32,1,0.62,76,100,70,loss
BID-0103,IT Services,Multinational Corporation,KPK,350000000,310750235,5,1,84,75,37,47,1,0.76,75,60,70,win
BID-0104,Energy,NGO / Donor-funded,Sindh,600000000,646818624,7,1,53,76,54,34,1,0.64,59,54,40,win
BID-0105,Healthcare IT,Multinational Corporation,KPK,600000000,562320476,6,1,35,63,80,12,1,0.98,91,49,40,win
BID-0106,Construction,NGO / Donor-funded,Balochistan,100000000,103683462,5,0,88,49,64,17,1,0.81,77,55,30,loss
BID-0107,Healthcare IT,Private Enterprise,Punjab,20000000,19066506,9,0,37,15,100,0,1,0.58,81,99,50,loss
BID-0108,Healthcare IT,NGO / Donor-funded,KPK,100000000,101147447,3,0,88,19,52,9,1,0.92,99,98,20,win
BID-0109,Energy,Multinational Corporation,Sindh,100000000,106918579,2,1,92,28,72,7,1,0.99,74,73,50,win
BID-0110,Logistics,SME,Balochistan,100000000,89820284,3,1,40,73,62,27,1,0.51,61,90,40,win
BID-0111,Healthcare IT,Private Enterprise,Islamabad,350000000,369861609,7,0,71,27,53,12,1,0.74,99,55,20,loss
BID-0112,Healthcare IT,Multinational Corporation,KPK,200000000,185097291,2,1,66,45,37,28,1,0.73,50,65,70,win
BID-0113,Telecom,Government,AJK,100000000,94188597,5,0,37,76,49,38,1,0.99,63,66,70,loss
BID-0114,Public Sector,SME,AJK,60000000,62427894,3,1,87,61,39,37,1,0.56,93,75,60,win
BID-0115,Logistics,Private Enterprise,KPK,600000000,527436003,5,1,31,80,87,10,1,0.73,72,66,50,win
BID-0116,Public Sector,NGO / Donor-funded,AJK,8000000,7591897,2,0,94,24,35,15,1,0.85,74,43,20,win
BID-0117,Public Sector,Government,KPK,350000000,313248366,4,1,67,63,87,8,1,0.95,64,45,70,win
BID-0118,Logistics,NGO / Donor-funded,Punjab,35000000,38437409,8,0,48,15,32,10,1,0.73,86,74,50,loss
BID-0119,Healthcare IT,Private Enterprise,Balochistan,200000000,177756068,5,0,24,68,32,46,1,0.53,78,42,50,loss
BID-0120,IT Services,Private Enterprise,AJK,8000000,7604530,5,0,27,32,94,1,1,0.62,98,86,60,loss
